datemonth, dateyear, propertycategorisation, sa32016code, auction_activity_auctionclearancerate, auction_activity_auctionlistedcount, auction_activity_auctionnotsoldcount, auction_activity_auctionpostponedcount, auction_activity_auctionsoldaftercount, auction_activity_auctionsoldpriorcount, auction_activity_auctionsoldunderhammercount, auction_activity_auctiontotalreported, auction_activity_auctiontotalsold, auction_activity_auctionwithdrawncount, enddate, for_rent_home_lease_averageprice, for_rent_home_lease_detailedposition05price, for_rent_home_lease_detailedposition10price, for_rent_home_lease_detailedposition15price, for_rent_home_lease_detailedposition20price, for_rent_home_lease_detailedposition25price, for_rent_home_lease_detailedposition30price, for_rent_home_lease_detailedposition35price, for_rent_home_lease_detailedposition40price, for_rent_home_lease_detailedposition45price, for_rent_home_lease_detailedposition50price, for_rent_home_lease_detailedposition55price, for_rent_home_lease_detailedposition60price, for_rent_home_lease_detailedposition65price, for_rent_home_lease_detailedposition70price, for_rent_home_lease_detailedposition75price, for_rent_home_lease_detailedposition80price, for_rent_home_lease_detailedposition85price, for_rent_home_lease_detailedposition90price, for_rent_home_lease_detailedposition95price, for_rent_home_lease_detailedpricecalcreccount, for_rent_home_lease_eventcount, for_rent_home_lease_geometricmeanprice, for_rent_home_lease_maximumprice, for_rent_home_lease_medianprice, for_rent_home_lease_minimumprice, for_rent_home_lease_position25price, for_rent_home_lease_position75price, for_rent_home_lease_pricecalcreccount, for_rent_home_lease_standarddeviationprice, for_rent_home_lease_totalprice, for_sale_both_auction_private_treaty_averageprice, for_sale_both_auction_private_treaty_detailedposition05price, for_sale_both_auction_private_treaty_detailedposition10price, for_sale_both_auction_private_treaty_detailedposition15price, for_sale_both_auction_private_treaty_detailedposition20price, for_sale_both_auction_private_treaty_detailedposition25price, for_sale_both_auction_private_treaty_detailedposition30price, for_sale_both_auction_private_treaty_detailedposition35price, for_sale_both_auction_private_treaty_detailedposition40price, for_sale_both_auction_private_treaty_detailedposition45price, for_sale_both_auction_private_treaty_detailedposition50price, for_sale_both_auction_private_treaty_detailedposition55price, for_sale_both_auction_private_treaty_detailedposition60price, for_sale_both_auction_private_treaty_detailedposition65price, for_sale_both_auction_private_treaty_detailedposition70price, for_sale_both_auction_private_treaty_detailedposition75price, for_sale_both_auction_private_treaty_detailedposition80price, for_sale_both_auction_private_treaty_detailedposition85price, for_sale_both_auction_private_treaty_detailedposition90price, for_sale_both_auction_private_treaty_detailedposition95price, for_sale_both_auction_private_treaty_detailedpricecalcreccount, for_sale_both_auction_private_treaty_eventcount, for_sale_both_auction_private_treaty_geometricmeanprice, for_sale_both_auction_private_treaty_maximumprice, for_sale_both_auction_private_treaty_medianprice, for_sale_both_auction_private_treaty_minimumprice, for_sale_both_auction_private_treaty_position25price, for_sale_both_auction_private_treaty_position75price, for_sale_both_auction_private_treaty_pricecalcreccount, for_sale_both_auction_private_treaty_standarddeviationprice, for_sale_both_auction_private_treaty_totalprice, gid, gross_rental_yield, sa32016id, sa32016name, sa32016pid, sold_both_auction_private_treaty_averageprice, sold_both_auction_private_treaty_detailedposition05price, sold_both_auction_private_treaty_detailedposition10price, sold_both_auction_private_treaty_detailedposition15price, sold_both_auction_private_treaty_detailedposition20price, sold_both_auction_private_treaty_detailedposition25price, sold_both_auction_private_treaty_detailedposition30price, sold_both_auction_private_treaty_detailedposition35price, sold_both_auction_private_treaty_detailedposition40price, sold_both_auction_private_treaty_detailedposition45price, sold_both_auction_private_treaty_detailedposition50price, sold_both_auction_private_treaty_detailedposition55price, sold_both_auction_private_treaty_detailedposition60price, sold_both_auction_private_treaty_detailedposition65price, sold_both_auction_private_treaty_detailedposition70price, sold_both_auction_private_treaty_detailedposition75price, sold_both_auction_private_treaty_detailedposition80price, sold_both_auction_private_treaty_detailedposition85price, sold_both_auction_private_treaty_detailedposition90price, sold_both_auction_private_treaty_detailedposition95price, sold_both_auction_private_treaty_detailedpricecalcreccount, sold_both_auction_private_treaty_eventcount, sold_both_auction_private_treaty_geometricmeanprice, sold_both_auction_private_treaty_maximumprice, sold_both_auction_private_treaty_medianprice, sold_both_auction_private_treaty_minimumprice, sold_both_auction_private_treaty_position25price, sold_both_auction_private_treaty_position75price, sold_both_auction_private_treaty_pricecalcreccount, sold_both_auction_private_treaty_standarddeviationprice, sold_both_auction_private_treaty_totalprice, sold_private_treaty_averagedaysonmarket, sold_private_treaty_averagediscount, sold_private_treaty_daysonmarketrecordcount, sold_private_treaty_discountrecordcount, state, feature_code, feature_name
4,2019,"House",20601,0.545912,794,337,13,19,100,334,795,434,32,"30/04/2019",575.0174999999998,380,410,440,450,473,495,500,520,540,550,570,590,600,620,650,685,720,760,850,1950,1950,555.7705000000002,4250,550,10,473,650,1950,167.70349999999996,1121284,943062.6,460000,570000,650000,695000,750000,780000,805000,850000,880000,900000,945000,950000,995000,1050000,1100000,1165000,1250000,1350000,1500000,819,1136,881742.1,2750000,900000,20000,750000,1100000,819,336079.2,772000000,null,0.03075269,266,"Brunswick - Coburg","SA3_1620601",976779.9,555000,615000,672000,710000,760000,806200,850000,875000,905000,930000,960000,996500,1051000,1110000,1155000,1210000,1285000,1365000,1520000,912,913,930084.8,3125000,930000,265000,760000,1155000,912,311999.4,891000000,53,0.06954263000000002,435,103,"VIC","20601","Brunswick - Coburg"
4,2019,"House",20602,0.5756972000000002,500,216,17,10,62,227,502,289,18,"30/04/2019",617.7678,360,440,475,500,520,540,550,570,590,600,620,640,650,670,700,740,770,830,895,1137,1137,597.009,1700,600,250,520,700,1137,163.30890000000005,702402,1199550,509000,645000,750000,800000,849000,899000,950000,1000000,1050000,1100000,1150000,1200000,1250000,1300000,1390000,1500000,1650000,1850000,2190000,516,720,1088531,6900000,1100000,290000,849000,1390000,516,613686.1,619000000,null,0.02785714,267,"Darebin - South","SA3_1620602",1212577,580000,691000,760000,809500,860000,915000,971000,1045000,1090000,1120000,1160000,1230000,1300000,1350000,1450000,1565000,1680000,1850000,2200000,585,586,1124991,3050000,1120000,307000,860000,1450000,585,484438.7,709000000,49,0.06711365000000002,278,55,"VIC","20602","Darebin - South"
4,2019,"House",20603,0.528109,581,254,16,11,61,249,587,310,39,"30/04/2019",563.8241999999998,360,395,415,440,450,475,490,500,520,530,550,580,600,620,650,680,710,760,850,1240,1240,544.1118,1400,532.5,195,450,650,1240,155.82870000000005,699142,1313897,470000,600000,720000,780000,824000,880000,942500,980000,1020000,1100000,1200000,1300000,1375000,1450000,1550000,1680000,1820000,2095000,2680000,620,866,1133443,12000000,1100000,165000,824000,1550000,620,899983.4,815000000,null,0.023819359999999994,268,"Essendon","SA3_1620603",1279427,516000,617000,726000,802500,855000,910000,960000,1020000,1100000,1160000,1225000,1300000,1380000,1450000,1520000,1630000,1760000,1960000,2340000,654,659,1141587,8000000,1162500,193000,855000,1520000,654,721561.6,8.370000000000001E8,55,0.06815894,331,74,"VIC","20603","Essendon"
4,2019,"House",20604,0.5930599999999998,320,119,11,8,31,157,317,188,13,"30/04/2019",668.2609,390,425,450,475,495,510,530,550,570,595,620,650,675,720,750,820,895,1000,1200,1372,1373,614.2557,4500,597.5,45,495,750,1372,310.8110999999999,916854,1264474,340000,415000,465000,520000,570000,674000,780000,850000,910000,975000,1050000,1150000,1250000,1350000,1437500,1600000,1925000,2450000,3600000,418,588,956479.4,9000000,980000,25000,570000,1437500,418,1106105,529000000,null,0.032130300000000014,269,"Melbourne City","SA3_1620604",1259469,473000,520000,570900,636000,715000,751000,818000,860000,920000,967000,1050000,1150000,1210000,1300000,1430000,1570000,1811000,2300000,3200000,429,432,1043542,6665000,967000,245000,715000,1430000,429,949703.1,540000000,59,0.07025287000000002,211,67,"VIC","20604","Melbourne City"
4,2019,"House",20605,0.5482456000000002,668,283,21,19,61,314,684,375,33,"30/04/2019",732.7183000000002,370,420,450,495,525,550,585,610,650,675,700,740,770,800,850,920,995,1100,1300,1828,1828,678.4574999999998,3000,675,138,525,850,1828,313.1733,1339409,1560391,365000,430000,518700,620000,735000,872000,985000,1099500,1200000,1280000,1400000,1500000,1700000,1800000,1995000,2200000,2500000,2800000,3500000,697,1028,1209008,14000000,1280000,10000,735000,1995000,697,1294019,1090000000,null,0.02728333,270,"Port Phillip","SA3_1620605",1495308,450000,540000,617000,666000,820000,916000,1005000,1116500,1200000,1285000,1375000,1500000,1615000,1740000,1890000,2100000,2400000,2700000,3215000,880,889,1244648,7500000,1286500,185000,820000,1890000,880,963320.8,1320000000,52,0.08578239,413,118,"VIC","20605","Port Phillip"
4,2019,"House",20606,0.5518672,486,199,12,12,53,213,482,266,18,"30/04/2019",812.4525999999996,385,430,480,510,550,580,600,630,660,700,725,750,800,850,900,995,1100,1300,1700,1319,1319,728.9775,4606,700,230,550,900,1319,451.4892,1071625,2658204,379000,460000,550000,630000,780000,950000,1150000,1300000,1500000,1695000,1875000,2100000,2500000,2730000,3300000,4000000,5000000,6000000,8500000,599,874,1671758,2.8299999999999996E7,1695000,30000,780000,3300000,599,3003182,1590000000,null,0.02348387,271,"Stonnington - West","SA3_1620606",2249144,509000,590000,670000,815000,965000,1110000,1275000,1370000,1440000,1550000,1700000,1870000,2025000,2350000,2700000,3120000,3680000,4600000,6300000,671,688,1643795,19000000,1550000,320000,965000,2700000,671,2184759,1510000000,77,0.07821406000000003,344,86,"VIC","20606","Stonnington - West"
4,2019,"House",20607,0.5647383,736,293,12,15,63,347,726,410,31,"30/04/2019",712.2723000000002,450,500,530,550,575,595,610,630,650,670,695,710,750,770,800,850,900,980,1100,2240,2240,684.6443,2600,670,250,575,800,2240,216.74559999999994,1595490,1325205,499000,659000,800000,869000,910000,965000,1000000,1100000,1150000,1206975,1295000,1350000,1450000,1500000,1600000,1700000,1850000,2025000,2450000,663,1001,1182053,6000000,1206975,92000,910000,1600000,663,658835.4,8.789999999999999E8,null,0.02829874,272,"Yarra","SA3_1620607",1320296,582500,695000,771000,860000,910000,966000,1035000,1100000,1175000,1231150,1291000,1340000,1410000,1480000,1550000,1662000,1800000,2050000,2311000,853,857,1201417,13300000,1231150,290000,910000,1550000,853,700482.8,1130000000,55,0.07702933000000002,374,92,"VIC","20607","Yarra"
4,2019,"House",20701,0.5059786000000003,1595,728,44,35,159,645,1589,804,76,"30/04/2019",780.8608999999998,400,450,480,500,540,560,595,630,660,700,750,780,815,850,900,980,1095,1200,1490,2495,2495,717.1025,4000,700,210,540,900,2495,367.1814999999999,1948248,2197264,550000,840000,1100000,1299000,1400000,1495000,1550000,1650000,1750000,1850000,1995000,2100000,2250000,2395000,2540000,2800000,3100000,3743119,4600000,1720,2521,1806481,40000000,1850000,30000,1400000,2540000,1720,1741018,3.7800000000000005E9,null,0.02044944,273,"Boroondara","SA3_1620701",2069026,675000,945000,1150000,1280000,1385000,1450000,1537000,1610000,1700000,1780000,1885000,2000000,2118000,2258000,2410000,2675000,2950000,3547500,4200000,1786,1803,1802086,12500000,1780000,353000,1385000,2410000,1786,1221799,3700000000,59,0.10589440000000003,1048,228,"VIC","20701","Boroondara"
4,2019,"House",20702,0.42411350000000014,674,378,19,21,68,231,705,299,38,"30/04/2019",579.2355,390,420,430,450,470,485,500,520,540,550,575,595,600,640,650,690,720,750,850,1758,1758,559.7066,2200,550,50,470,650,1758,164.3639,1018296,1292292,695757,815000,890000,925000,950255,1000000,1050000,1100000,1150000,1190199,1200000,1250000,1300000,1350000,1400000,1490000,1568000,1750000,2250000,1359,1688,1188029,14500000,1190199,122900,950255,1400000,1359,720081.6,1.7600000000000002E9,null,0.02486956,274,"Manningham - West","SA3_1620702",1216417,740000,830000,890000,925000,960000,1000000,1038000,1072500,1100000,1150000,1181000,1216000,1250000,1285000,1335000,1400000,1495100,1602000,1940000,957,963,1157300,5700000,1150000,332500,960000,1335000,957,447627.1,1.1600000000000002E9,74,0.11175919999999998,632,190,"VIC","20702","Manningham - West"
4,2019,"House",20703,0.5264901,901,398,18,21,91,386,906,477,50,"30/04/2019",525.264,350,385,400,415,425,440,450,460,480,490,500,530,550,580,600,635,675,720,800,1712,1712,503.7299,1600,490,96,425,600,1712,154.8179,899252,1264232,640000,750000,808500,870000,900000,945000,980000,1000000,1050000,1100000,1180000,1230000,1298000,1380000,1480000,1600000,1750000,1925000,2350000,1113,1575,1149704,7800000,1100000,45000,900000,1480000,1113,623215.1,1410000000,null,0.02359259,275,"Whitehorse - West","SA3_1620703",1205842,685000,751500,820000,861000,900000,935000,967000,1000000,1035000,1080000,1135000,1195000,1250000,1302000,1400000,1488000,1625000,1791000,2100000,1097,1107,1128419,6800000,1080000,125000,900000,1400000,1097,494100.3,1320000000,57,0.09273367000000003,672,150,"VIC","20703","Whitehorse - West"
4,2019,"House",20801,0.4717514,1059,511,16,30,105,396,1062,501,64,"30/04/2019",911.9308,450,500,530,565,600,650,690,725,755,795,850,890,945,995,1095,1175,1299,1450,1800,1676,1676,828.2404,3900,795,280,600,1095,1676,450.8036,1528396,2051221,800000,934500,1050000,1150000,1250000,1320000,1400000,1500000,1600000,1695000,1775000,1850000,1950000,2100000,2295000,2500000,2900000,3500000,4500000,1200,1681,1735023,27000000,1695000,172500,1250000,2295000,1200,1637184,2460000000,null,0.02505455000000001,276,"Bayside","SA3_1620801",1917865,810000,950000,1045000,1155000,1240000,1314000,1390000,1480000,1567500,1650000,1725000,1825000,1913000,2044000,2215000,2350000,2710000,3070000,4000000,1256,1266,1683810,14800000,1650000,320000,1240000,2215000,1256,1207578,2.4099999999999995E9,61,0.08901121,707,187,"VIC","20801","Bayside"
4,2019,"House",20802,0.5085348,1393,624,34,40,131,584,1406,715,117,"30/04/2019",672.3601999999996,400,435,460,490,500,530,550,575,600,630,670,695,725,750,795,840,880,950,1095,2390,2390,638.2993000000002,2400,630,135,500,795,2390,229.0918,1606941,1334473,679500,800000,875000,945000,1000000,1050000,1100000,1150000,1199000,1249000,1290000,1339000,1385000,1450000,1549000,1650000,1795000,1995000,2300000,1153,1831,1233424,7000000,1249000,30000,1000000,1549000,1153,565356.3,1540000000,null,0.02589723,277,"Glen Eira","SA3_1620802",1367723,735000,835000,900000,970000,1030000,1080000,1145000,1185000,1222000,1265000,1310000,1352500,1410000,1467000,1550000,1650000,1775000,1992500,2425000,1426,1439,1275029,9500000,1265000,280000,1030000,1550000,1426,580161.5,1950000000,43,0.08977237,695,108,"VIC","20802","Glen Eira"
4,2019,"House",20803,0.4745283000000001,1056,480,36,43,137,366,1060,503,82,"30/04/2019",553.2674,350,380,400,420,440,450,460,480,495,515,530,550,570,595,620,650,695,750,850,1900,1901,526.7246,5300,515,167,440,620,1900,233.21339999999998,1051208,968682.9,525000,600000,650000,690000,725000,760000,790000,825000,850000,880000,900000,950000,995000,1029000,1100000,1150000,1250000,1400000,1700000,1659,2043,895945.9,9200000,880000,54900,725000,1100000,1659,463450.1,1610000000,null,0.03008988999999999,278,"Kingston","SA3_1620803",959608.4,550000,610000,650000,690000,730000,760000,800000,835000,862000,890000,921500,950000,982500,1025000,1080000,1150000,1220000,1315500,1580000,1451,1460,900385.9,6305000,890000,190000,730000,1080000,1451,417359.6,1.3900000000000002E9,53,0.07446337000000003,869,242,"VIC","20803","Kingston"
4,2019,"House",20804,0.5978551999999997,376,143,4,8,30,193,373,223,12,"30/04/2019",786.0781000000002,380,435,470,500,530,570,600,630,650,695,740,775,800,875,900,990,1100,1295,1500,615,615,714.8881,3350,695,150,530,900,615,377.7507,483438,1973230,380000,650000,910000,1059000,1150000,1260000,1314207,1485000,1600000,1680000,1800000,1949999,2000000,2195000,2300000,2600000,3000000,3500000,4800000,312,519,1555967,9500000,1684500,30000,1150000,2300000,312,1372972,6.159999999999999E8,null,0.02053409,279,"Stonnington - East","SA3_1620804",2052805,703978,841000,962000,1121000,1235000,1300000,1415000,1550000,1650000,1760000,1900000,2000000,2100000,2300000,2508888,2742500,3025000,3650000,4660000,401,406,1746015,8900000,1760000,273000,1235000,2508888,401,1273191,8.229999999999999E8,58,0.10093550000000003,172,28,"VIC","20804","Stonnington - East"
4,2019,"House",20901,0.5063167999999997,1017,484,18,18,106,415,1029,521,34,"30/04/2019",483.7172999999999,340,360,375,385,400,410,420,430,445,450,470,480,500,520,540,555,595,645,730,1921,1921,467.0466,1850,450,127,400,540,1921,141.2861,929221,993573,550000,600000,647500,670000,690000,700000,739950,756000,780000,800000,850000,879000,910000,985000,1075000,1150000,1280000,1600000,2195000,1470,1866,891451,6100000,800000,10025,690000,1075000,1470,589195.2,1460000000,null,0.02853659,280,"Banyule","SA3_1620901",971341.9,577000,628000,660000,690000,710000,730000,749000,770000,800000,820000,855000,891000,920000,970000,1050000,1140000,1255000,1480000,1900000,1483,1488,896236.1,6880000,820000,350000,710000,1050000,1483,490844.3,1440000000,53,0.06471474000000003,945,242,"VIC","20901","Banyule"
4,2019,"House",20902,0.5296208000000002,844,389,18,22,98,349,844,447,30,"30/04/2019",441.5043,320,340,350,360,380,390,400,400,420,425,440,450,460,480,495,500,550,570,620,1971,1972,430.4514999999999,1999,425,130,380,495,1971,104.30420000000002,870205,812788.3,486000,540000,580000,597500,610000,645000,670000,690000,710000,740000,755000,790000,819000,859000,900000,950000,1000000,1150000,1295000,1043,1410,759458.6,9000000,740000,20000,610000,900000,1043,455937.3,848000000,null,0.02915567000000001,281,"Darebin - North","SA3_1620902",803699.4,505000,550500,589000,610000,632000,650000,683000,702000,730000,758000,782000,815000,850000,880000,910000,965000,1033000,1140000,1255000,963,965,771468.6,2450000,758000,305000,632000,910000,963,244399.4,774000000,66,0.09418660000000002,478,93,"VIC","20902","Darebin - North"
4,2019,"House",20903,0.5026455000000002,192,85,3,2,32,63,189,95,11,"30/04/2019",515.7957000000002,340,360,380,400,420,430,450,450,470,490,505,530,550,580,595,620,650,695,790,416,417,496.1451,1400,490,51,420,595,416,145.8633,214571,931368.7,550000,595000,650000,680000,700000,735000,750000,780000,800000,840000,860000,890000,940000,980000,1009999,1150000,1240000,1400000,1600000,845,924,868827.3,4496232,840000,39000,700000,1009999,845,397841.8,787000000,null,0.029627910000000007,282,"Nillumbik - Kinglake","SA3_1620903",948546.6,561000,611500,652000,700000,726000,752500,780000,805000,835000,860000,890000,930000,960000,1004750,1040000,1140000,1250000,1412500,1635000,708,711,893880.3,4225000,860000,310000,726000,1040000,708,370860.6,672000000,54,0.07003382000000002,565,197,"VIC","20903","Nillumbik - Kinglake"
4,2019,"House",20904,0.5015253,1693,727,48,49,171,651,1639,822,107,"30/04/2019",395.4978,330,340,350,350,360,365,370,375,380,380,390,395,400,400,415,420,435,450,495,3947,3947,389.47159999999985,7475,380,140,360,415,3947,133.8632,1561030,579337.6,398000,439000,460000,480000,494900,500965,518500,530000,542600,550700,564181,578662,590000,600500,624000,650000,678500,716020,802510,6710,7793,558411.8,6150000,550727,55000,494900,624000,6710,217141.2,3.8899999999999995E9,null,0.03287854000000001,283,"Whittlesea - Wallan","SA3_1620904",639830.6,450000,480000,500000,520000,535000,550000,565000,580000,591000,601000,620000,630000,645000,660000,680000,705000,737500,800000,927500,2625,2627,616888,6600000,601000,274000,535000,680000,2625,247287.2,1.6800000000000002E9,51,0.06029315000000001,1657,417,"VIC","20904","Whittlesea - Wallan"
4,2019,"House",21001,0.5310457000000002,605,268,9,18,81,244,612,325,38,"30/04/2019",479.0457,330,360,375,380,395,400,410,420,435,450,450,470,495,505,530,550,595,630,700,1050,1050,463.2668999999999,2586,450,106,395,530,1050,148.2819,502998,956981.3,565000,630000,670000,700000,730000,750000,780000,800000,825000,850000,895000,930000,975000,1000000,1075000,1139000,1250000,1400000,1650000,651,894,900857.3,3910000,850000,425000,730000,1075000,651,386388.9,623000000,null,0.02761062,284,"Keilor","SA3_1621001",937635.4,583500,635000,665000,702000,730000,750000,770000,790000,810000,845000,880000,920000,960000,1000000,1055000,1115000,1220000,1328000,1520000,666,670,889682.9,3500000,847500,420000,730000,1055000,666,352002.3,624000000,63,0.08063014000000003,337,113,"VIC","21001","Keilor"
4,2019,"House",21002,0.4268293000000002,85,41,6,2,12,23,82,35,7,"30/04/2019",488.6605,330,350,375,390,400,420,430,435,445,450,480,495,520,550,550,580,600,650,730,268,268,473.2182999999999,1075,450,220,400,550,268,130.1049,130961,830751.8,410000,455700,495000,530000,569289,590303,613300,640000,667000,690000,710222,750000,790000,840000,890000,970000,1095000,1250000,1700000,691,722,732884.4,7500000,690000,61000,569289,890000,691,576612.8,574000000,null,0.03319149000000001,285,"MacEdon Ranges","SA3_1621002",798244.6,425000,465000,511000,545000,565000,580000,610000,630000,670000,705000,740000,785000,825000,860000,903000,960000,1075000,1210000,1350000,363,366,734325,3810000,705000,280000,565000,903000,363,387533.4,290000000,66,0.05600799,283,124,"VIC","21002","Macedon Ranges"
4,2019,"House",21003,0.5323382999999998,812,331,18,15,103,325,804,428,62,"30/04/2019",435.7507,340,350,365,375,380,390,400,400,410,420,425,440,450,460,475,495,510,550,585,1845,1845,428.3816999999999,2370,420,160,380,475,1845,93.35579999999997,803960,706577.6,450000,490000,500000,545000,565000,585000,600000,630000,650000,675000,695000,705000,730000,750000,780000,800000,850000,900000,1050000,1067,1370,671960.6,6900000,675000,270000,565000,780000,1067,342637.7,754000000,null,0.0312,286,"Moreland - North","SA3_1621003",719621.3,482000,521150,550000,580000,600000,620000,639000,660000,680000,700000,715000,732000,750000,770000,800000,826000,880000,940000,1060000,979,984,698550.1,2100000,700000,325000,600000,800000,979,187863.8,705000000,59,0.06100119000000001,545,160,"VIC","21003","Moreland - North"
4,2019,"House",21004,0.5,89,34,1,6,22,20,84,42,5,"30/04/2019",394.366,320,330,340,350,350,360,360,370,380,380,390,395,400,410,430,440,450,480,500,776,776,390.0884,790,380,260,350,430,776,60.85031,306028,579093.3,390000,420000,432290,450000,463435,475000,485000,495000,504444,520000,535000,549000,560000,580000,596395,626480,660000,730000,850000,1215,1275,539529.1,10000000,520000,22500,463435,596395,1215,435944.9,704000000,null,0.03659259,287,"Sunbury","SA3_1621004",573428.8,410000,432500,450000,465000,480000,490000,503000,515000,525000,540000,555000,570000,585000,600000,625000,650000,690000,770000,855000,625,625,557534.8,1510000,540000,341000,480000,625000,625,149673.3,358000000,42,0.05361018000000003,533,130,"VIC","21004","Sunbury"
4,2019,"House",21005,0.5260491999999999,1461,562,29,50,160,567,1382,727,100,"30/04/2019",397.7118999999999,320,340,350,350,360,370,370,380,380,390,395,400,405,415,420,430,440,450,500,3127,3127,392.3589,2021,390,90,360,420,3127,84.57127,1243645,556974.6,360000,408290,440000,455500,472688,489900,500000,517700,530000,545690,554900,570000,585050,599000,615000,636684,659698,692800,750000,5469,6462,536235.9,5500000,545690,10000,472688,615000,5469,198150.7,3050000000,null,0.036181979999999996,288,"Tullamarine - Broadmeadows","SA3_1621005",600154.1,441000,469500,480000,490000,505000,515000,530000,540000,550000,560500,575000,590000,600000,620000,640000,660000,700000,740000,850000,2019,2025,579255,6000000,560500,55000,505000,640000,2019,221599.6,1210000000,56,0.05801061000000002,1212,331,"VIC","21005","Tullamarine - Broadmeadows"
4,2019,"House",21101,0.495251,774,290,39,28,109,256,737,365,83,"30/04/2019",444.3160999999999,350,360,370,380,390,395,400,410,420,430,440,450,450,470,480,500,510,550,595,2186,2186,436.5914999999999,2700,430,40,390,480,2186,98.7663,971275,780799.6,520000,569000,595000,619500,640000,655000,680000,690000,700000,730000,750000,770000,789000,805000,840000,880000,934500,1000000,1200000,1910,2295,747819.1,4000000,730000,100000,640000,840000,1910,279608.2,1490000000,null,0.030170350000000005,289,"Knox","SA3_1621101",788399.9,547000,590800,611000,633000,652000,675000,691000,710000,724000,741000,765000,790000,810000,835000,865000,905000,946800,1012000,1166000,1684,1686,764122.8,3489000,741125,345000,652000,865000,1684,225624.3,1330000000,47,0.06180527,1200,373,"VIC","21101","Knox"
4,2019,"House",21102,0.4368932000000001,99,53,1,2,11,34,103,45,9,"30/04/2019",655.5729,370,400,420,430,445,460,475,490,510,550,590,600,620,650,680,800,960,1100,1450,192,192,597.1351,2300,550,340,445,680,192,337.8624000000001,125870,1486748,690000,750000,820000,880000,950000,1000000,1100000,1150000,1219000,1300000,1400000,1450000,1520000,1600000,1700000,1800000,1950000,2200000,2700000,356,410,1307413,13500000,1300000,194000,950000,1700000,356,1033651,529000000,null,0.02208494,290,"Manningham - East","SA3_1621102",1388036,759000,812000,885000,937000,988000,1056800,1120000,1170000,1235000,1290000,1334000,1420000,1480000,1550000,1630000,1775000,1885000,2000000,2370000,276,276,1300657,4300000,1295000,650000,988000,1630000,276,540507.8,3.829999999999999E8,76,0.10106680000000003,224,77,"VIC","21102","Manningham - East"
4,2019,"House",21103,0.44423440000000003,526,244,10,27,56,179,529,235,40,"30/04/2019",447.5226,340,360,370,380,390,400,400,410,420,430,440,450,460,475,490,500,535,560,600,1550,1550,438.7744,1608,430,82,390,490,1550,95.07401,693660,798773.8,480000,550000,590000,605000,640000,650000,679000,690000,719950,750000,760000,785000,800000,845000,870000,900000,960000,1050000,1280000,1721,1938,752865.8,7200000,750000,55000,640000,870000,1721,365570.4,1370000000,null,0.02922876,291,"Maroondah","SA3_1621103",820712,525000,585000,610000,630000,650000,675000,700000,720000,743000,765000,790000,815000,845000,875000,910000,948000,1000000,1100000,1280000,1430,1437,785524.6,3800000,765000,283000,650000,910000,1430,285957.7,1.1700000000000002E9,51,0.06631130999999997,1114,329,"VIC","21103","Maroondah"
4,2019,"House",21104,0.5114678999999998,427,210,5,12,42,181,436,223,14,"30/04/2019",474.6627000000001,350,380,390,400,410,420,430,440,450,460,470,480,495,500,525,550,560,600,650,999,999,466.2118,1000,460,180,410,525,999,92.4067,474188,1000829,604500,685000,730000,780000,800000,830000,850000,879950,898000,915000,949000,980000,1000000,1050000,1102500,1150000,1225000,1310000,1569950,626,825,945780.1,5775000,915000,100000,800000,1102500,626,425301.8,627000000,null,0.026285710000000007,292,"Whitehorse - East","SA3_1621104",965511,635500,690000,740000,775000,805000,821000,845000,860000,888000,910000,939000,970000,1000000,1050800,1110000,1150000,1200000,1280000,1400000,593,598,934250.6,3000000,910000,380000,805000,1110000,593,266221.5,573000000,51,0.09322459000000002,413,124,"VIC","21104","Whitehorse - East"
4,2019,"House",21105,0.3988764000000002,181,69,4,12,26,45,178,71,36,"30/04/2019",428.3592000000001,320,350,360,370,380,390,395,400,410,420,420,430,445,450,460,470,490,525,580,1250,1250,419.1998000000001,1738,420,90,380,460,1250,92.38601,535449,711950.8,420000,480000,510000,550000,570000,580000,595000,615000,630000,650000,670000,685000,695000,725000,760000,800000,853588,950000,1200000,3070,3140,667744.8,4800000,650000,40000,570000,760000,3070,322175.6,2190000000,null,0.03264574,293,"Yarra Ranges","SA3_1621105",717699.4,466000,510000,540000,565000,590000,608000,620500,635000,650000,668000,685000,705000,725000,750000,771000,820000,866000,935000,1150000,2154,2160,686817.1,3300000,669000,175000,590000,771000,2154,251000.2,1550000000,47,0.05754035000000001,1868,603,"VIC","21105","Yarra Ranges"
4,2019,"House",21201,0.3695652000000001,101,40,3,8,10,24,92,34,14,"30/04/2019",377.9312999999998,310,320,330,340,350,350,355,360,365,370,375,380,390,390,400,410,420,430,470,2300,2301,373.8864999999999,2000,370,180,350,400,2300,64.68596999999998,869242,591344.3,380000,410000,430000,450000,464000,480000,490000,500000,514800,530000,546300,560000,580000,595000,620000,650000,690000,760000,910000,3683,3812,549038.1,10000000,530000,38000,464000,620000,3683,407431.3,2180000000,null,0.034357140000000015,294,"Cardinia","SA3_1621201",627489.6,440000,457000,472500,480000,495000,505000,520000,530000,543000,560000,580000,600000,615000,640000,670000,712000,770000,850000,1065000,1539,1542,596632.9,5500000,560000,265000,495000,670000,1539,267589,966000000,49,0.05529014,1376,456,"VIC","21201","Cardinia"
4,2019,"House",21202,0.27149320000000005,230,121,13,14,27,33,221,60,38,"30/04/2019",401.6495000000001,315,330,340,350,360,360,370,380,380,390,400,400,410,420,430,450,460,480,530,2274,2274,395.8159,1400,390,80,360,430,2274,75.06991000000002,913351,682335.7,440000,490000,500000,530000,550000,569000,580000,590000,600000,615980,630000,650000,675000,690000,719390,750000,798000,860000,1100000,2677,2822,643318.1,10500000,615980,65000,550000,719390,2677,369424.1,1830000000,null,0.03219048,295,"Casey - North","SA3_1621202",701114.6,480000,505000,530000,545000,565000,580000,599000,605000,618000,630000,642500,660000,680000,700000,730000,770000,825000,900000,1190000,1472,1474,665950,8300000,630000,310000,565000,730000,1472,337892.2,1030000000,61,0.06461987999999998,1313,546,"VIC","21202","Casey - North"
4,2019,"House",21203,0.35593220000000014,189,81,7,7,20,43,177,63,39,"30/04/2019",396.5436,325,340,350,360,365,370,380,380,390,390,400,400,405,410,420,425,435,450,495,3657,3657,393.191,900,390,95,365,420,3657,53.75719,1450160,576446.6,400000,444900,466300,485000,498607,510730,526726,539445,550000,560000,574790,585130,595724,610000,630000,650000,678400,712660,775734,9923,10431,559672.8,5604560,560000,15000,498607,630000,9923,174428.4,5720000000,null,0.03496552,296,"Casey - South","SA3_1621203",603808.8,440000,470000,485000,500000,515000,525000,540000,550000,565000,580000,590000,602475,619500,635000,653000,680000,705000,750000,825100,2572,2576,588370.3,4800000,580000,255000,515000,653000,2572,171460.8,1550000000,59,0.05743403,2259,883,"VIC","21203","Casey - South"
4,2019,"House",21204,0.4016888000000001,835,426,40,41,63,270,829,333,73,"30/04/2019",422.6052,300,330,345,350,360,370,380,380,390,400,400,420,430,450,460,485,520,550,600,2637,2638,410.8652,4000,400,80,360,460,2637,138.7081,1114410,695611.9,410000,462000,500000,540000,565000,580000,600000,620000,640000,659000,680000,699999,720000,750000,786750,820000,870000,945000,1100000,2176,2514,656121.9,4000000,659000,25000,565000,786750,2176,264842.8,1510000000,null,0.031044779999999994,297,"Dandenong","SA3_1621204",707231.7,438000,496000,525000,552000,580000,600000,615000,633000,650000,670000,690000,707000,730000,752500,785000,819999,866000,935000,1081000,1503,1507,676834.7,4500000,670000,240000,580000,785000,1503,252586,1060000000,61,0.06946695000000003,1040,382,"VIC","21204","Dandenong"
4,2019,"House",21205,0.5518491999999999,1316,581,55,53,135,626,1379,761,76,"30/04/2019",534.5427,370,395,410,430,445,450,470,480,500,515,530,550,565,590,600,640,670,700,760,3046,3046,517.4908,1800,515,135,445,600,3046,136.6785,1628217,1275899,690000,760000,800000,850000,899000,945000,980000,1000000,1050000,1100000,1150000,1200000,1250000,1325000,1400000,1500000,1625000,1890000,2450000,1731,2517,1153753,1.1500000000000002E7,1100000,110000,899000,1400000,1731,761582.8,2210000000,null,0.025503550000000007,298,"Monash","SA3_1621205",1161571,697500,750000,790000,835000,870000,902000,930000,970000,1005000,1050000,1100000,1150000,1198000,1250000,1306000,1390000,1508000,1666000,2038888,1744,1769,1092414,6500000,1050050,420000,870000,1306000,1744,474384.2,2.0299999999999998E9,63,0.1013971,890,218,"VIC","21205","Monash"
4,2019,"House",21301,0.4197397,945,459,29,35,81,306,922,387,79,"30/04/2019",382.9095,300,320,330,340,345,350,350,360,370,370,380,385,400,400,410,420,440,455,490,2598,2599,377.9082999999999,1647,370,150,345,410,2598,68.69442000000002,994799,625511.9,430000,470000,495000,500000,527000,545000,550000,570000,580000,595000,600000,620000,640000,659000,685000,710000,755000,800000,900000,2156,2524,600005.8,4500000,595000,50000,527000,685000,2156,204611.7,1350000000,null,0.03206667,299,"Brimbank","SA3_1621301",631814.6,440000,480000,505000,520000,537000,550000,565000,578000,592000,600000,615000,630000,645000,661000,681000,710000,750000,799000,880000,1608,1609,614081.3,4550000,600000,300000,537000,681000,1608,186123.9,1020000000,68,0.07013724000000003,1111,401,"VIC","21301","Brimbank"
4,2019,"House",21302,0.4285714000000001,778,373,61,22,122,202,756,324,87,"30/04/2019",502.0084999999999,330,350,360,380,390,400,420,440,450,470,490,500,530,550,580,610,650,690,750,1997,1997,483.0982999999999,1650,470,150,390,580,1997,148.31,1002511,874098.6,515000,580000,600000,630000,650000,680000,700000,730000,750000,780000,800000,850000,890000,932500,990000,1050000,1150000,1250000,1500000,1286,1539,818868.9,4000000,782250,60000,650000,990000,1286,364223.1,1120000000,null,0.02959497000000001,300,"Hobsons Bay","SA3_1621302",956184.8,550000,599000,622000,645000,670888,695000,725000,752500,798000,825632,860000,910000,952500,1020000,1100000,1190000,1275000,1445000,1800000,1032,1035,882011.6,7842700,825816,410000,670888,1100000,1032,487886.5,9.870000000000001E8,64,0.06473822000000003,676,215,"VIC","21302","Hobsons Bay"
4,2019,"House",21303,0.4769231000000001,798,376,34,14,98,274,780,372,48,"30/04/2019",493.6286,320,350,380,400,410,425,440,450,465,480,490,500,520,545,560,590,620,650,700,2138,2138,477.0793,3293,480,110,410,560,2138,139.725,1055378,848827,430000,530000,575000,609000,665000,690000,705000,735000,770000,790000,825000,860000,900000,950000,985000,1050000,1125000,1200000,1450000,955,1227,794043.2,2475000,790000,55000,665000,985000,955,312648.4,811000000,null,0.03025454,301,"Maribyrnong","SA3_1621303",887896.4,506000,575500,623000,661000,695000,717000,749999,775000,800000,825000,860000,905000,938000,970000,1020000,1080000,1162000,1240000,1440000,842,844,840397,4150000,825000,230000,695000,1020000,842,327458.3,748000000,66,0.07257574000000006,483,114,"VIC","21303","Maribyrnong"
4,2019,"House",21304,0.4368308000000002,496,196,14,19,71,133,467,204,64,"30/04/2019",377.6848000000001,290,300,320,325,330,340,350,350,360,370,375,380,390,400,410,420,440,460,495,3245,3245,371.8392,1695,370,82,330,410,3245,72.84246999999999,1225587,519210.7,350000,385000,399999,419900,439000,450000,464250,476466,488800,499000,509610,523350,537900,550000,570000,590400,618300,655345,746150,8315,8707,500608.6,4550000,499000,10000,439000,570000,8315,168742.6,4.319999999999998E9,null,0.03685824,302,"Melton - Bacchus Marsh","SA3_1621304",563603,365000,390000,405500,425000,440000,455000,472000,490000,506950,522000,545000,560000,585000,605000,630000,660000,700000,760000,860000,2375,2377,536960.1,6800000,522000,240000,440000,630000,2375,249671,1340000000,61,0.06058818,1964,884,"VIC","21304","Melton - Bacchus Marsh"
4,2019,"House",21305,0.44522970000000006,884,365,29,23,106,272,849,378,101,"30/04/2019",396.0786999999999,315,330,340,350,360,360,370,375,380,385,390,400,400,410,420,430,450,470,520,7468,7468,391.1438000000001,2150,385,80,360,420,7468,68.40402000000002,2957916,559917.9,376000,419000,446700,464930,480000,498100,504000,520000,533121,546820,554580,570000,580600,597150,610000,635000,660000,700000,780000,11128,11794,538876.7,7231875,546830,10000,480000,610000,11128,183958.4,6230000000,null,0.03575,303,"Wyndham","SA3_1621305",580719.4,400000,435000,455000,475000,490000,502888,517000,530000,545000,560000,571000,585000,600000,617001,635000,660000,690000,735000,830000,3561,3563,564500.1,2752000,560000,250000,490000,635000,3561,157629.8,2.0699999999999998E9,62,0.05699228,2920,1228,"VIC","21305","Wyndham"
4,2019,"House",21401,0.3421053,354,175,12,14,28,89,342,117,48,"30/04/2019",411.6490000000001,310,325,335,349,350,360,370,375,380,390,400,410,420,430,450,460,485,520,590,2134,2134,401.7908999999999,1955,390,102,350,450,2134,102.7809,878459,645777.9,410000,450000,470000,490000,500000,525000,540000,559000,575000,590000,598500,620000,640000,670000,690000,740000,790000,880000,1100000,2944,3053,606364.8,9500000,590000,12,500000,690000,2944,302138.4,1900000000,null,0.03336898,304,"Frankston","SA3_1621401",658166.4,435000,470000,493500,512000,527500,547000,565000,580000,595000,607500,625000,640000,660000,685000,715000,745000,816500,900000,1080000,2082,2083,630820.8,2600000,607750,265000,527500,715000,2082,219765.3,1370000000,49,0.05760742000000001,1778,592,"VIC","21401","Frankston"
4,2019,"House",21402,0.4296724000000001,503,257,17,17,37,186,519,223,38,"30/04/2019",502.7797,310,330,350,355,370,380,395,400,420,440,450,475,495,520,550,590,650,750,860,1988,1988,465.5505,5000,440,110,370,550,1988,269.4036,999526,995864.9,415000,480000,505000,545000,575000,600000,645000,680000,720000,760000,800000,850000,925000,1000000,1150000,1250000,1450000,1750000,2400000,4597,4890,821215.3,15800000,760000,13000,575000,1150000,4597,824276.9,4580000000,null,0.03010526,305,"Mornington Peninsula","SA3_1621402",975857.1,460000,500000,530000,560000,585500,615000,645000,680000,720000,760000,810000,855000,920000,1000000,1100000,1210000,1370000,1625000,2200000,3083,3088,839149.8,16000000,760000,215050,585500,1100000,3083,776886.1,3010000000,72,0.08111616,2449,1208,"VIC","21402","Mornington Peninsula"
